{"stats":{"minecraft:picked_up":{"minecraft:birch_log":3,"ars_nouveau:red_archwood_log":12,"minecraft:crafting_table":3,"minecraft:andesite":1,"minecraft:wooden_pickaxe":1,"minecraft:oak_log":12,"minecraft:brewing_stand":1,"minecraft:gunpowder":3,"minecraft:dirt":3,"minecraft:red_bed":2,"minecraft:bone":1,"minecraft:iron_boots":1,"minecraft:furnace":1,"minecraft:dark_oak_sapling":1,"minecraft:raw_iron":49,"minecraft:stick":2,"minecraft:oak_fence":1,"ars_nouveau:red_archwood_sapling":2,"minecraft:gravel":3,"minecraft:spruce_sapling":1,"minecraft:dark_oak_log":6,"minecraft:golden_chestplate":1,"minecraft:arrow":1,"minecraft:rotten_flesh":1,"minecraft:tropical_fish":17,"minecraft:hay_block":6,"minecraft:coal":59,"iceandfire:raw_silver":2,"minecraft:cobblestone":107},"minecraft:killed":{"minecraft:creeper":3,"minecraft:skeleton":2,"minecraft:zombie":4,"minecraft:tropical_fish":1},"minecraft:dropped":{"minecraft:iron_ingot":1,"minecraft:rotten_flesh":1,"minecraft:tropical_fish":17,"minecraft:arrow":1,"minecraft:wooden_pickaxe":2,"minecraft:iron_pickaxe":1,"minecraft:bone":1},"minecraft:mined":{"iceandfire:silver_ore":2,"minecraft:red_bed":2,"minecraft:dark_oak_leaves":8,"minecraft:dark_oak_log":6,"minecraft:brewing_stand":1,"minecraft:oak_fence":1,"minecraft:crafting_table":3,"minecraft:grass_block":2,"minecraft:spruce_leaves":5,"ars_nouveau:red_archwood_leaves":43,"minecraft:hay_block":6,"minecraft:furnace":2,"minecraft:birch_log":3,"minecraft:iron_ore":51,"minecraft:andesite":1,"minecraft:birch_leaves":3,"minecraft:coal_ore":60,"ars_nouveau:red_archwood_log":12,"minecraft:oak_log":13,"minecraft:gravel":3,"minecraft:dirt":1,"minecraft:stone":106,"minecraft:oak_leaves":1},"minecraft:custom":{"minecraft:interact_with_furnace":14,"minecraft:mob_kills":10,"minecraft:interact_with_crafting_table":11,"minecraft:leave_game":1,"minecraft:time_since_death":40444,"minecraft:sleep_in_bed":4,"minecraft:climb_one_cm":514,"minecraft:time_since_rest":7605,"minecraft:sprint_one_cm":106878,"minecraft:damage_taken":573,"minecraft:walk_one_cm":136300,"minecraft:drop":24,"minecraft:damage_dealt":1676,"minecraft:swim_one_cm":3783,"minecraft:fly_one_cm":84949,"minecraft:open_chest":18,"minecraft:crouch_one_cm":9418,"minecraft:play_time":40444,"minecraft:sneak_time":3418,"minecraft:walk_under_water_one_cm":6789,"minecraft:jump":807,"minecraft:walk_on_water_one_cm":12176,"minecraft:total_world_time":40444,"minecraft:fall_one_cm":14406},"minecraft:broken":{"minecraft:stone_pickaxe":1},"minecraft:crafted":{"minecraft:oak_planks":48,"minecraft:crafting_table":1,"minecraft:wooden_pickaxe":1,"minecraft:birch_planks":12,"minecraft:stone_axe":1,"minecraft:air":0,"minecraft:shield":1,"minecraft:stick":56,"minecraft:iron_ingot":9,"minecraft:iron_pickaxe":2,"minecraft:stone_pickaxe":1,"minecraft:dark_oak_planks":24,"minecraft:torch":28,"minecraft:wheat":54},"minecraft:used":{"minecraft:oak_fence":1,"minecraft:trident":2,"minecraft:birch_planks":1,"minecraft:stone_pickaxe":131,"minecraft:oak_planks":8,"minecraft:wooden_pickaxe":4,"minecraft:iron_sword":16,"minecraft:torch":27,"minecraft:dirt":3,"minecraft:crafting_table":3,"minecraft:red_bed":1,"minecraft:golden_chestplate":1,"minecraft:bread":11,"minecraft:iron_pickaxe":88,"minecraft:iron_boots":1,"minecraft:spruce_sapling":1,"minecraft:gravel":3,"minecraft:stone_axe":51,"minecraft:cobblestone":75,"minecraft:furnace":1,"minecraft:andesite":1,"minecraft:dark_oak_sapling":1}},"DataVersion":3465}