{"stats":{"minecraft:picked_up":{"minecraft:birch_log":3,"minecraft:raw_iron":10,"minecraft:dark_oak_sapling":1,"minecraft:stick":2,"minecraft:crafting_table":3,"minecraft:oak_fence":1,"minecraft:wooden_pickaxe":1,"minecraft:gravel":3,"minecraft:oak_log":12,"minecraft:brewing_stand":1,"minecraft:golden_chestplate":1,"minecraft:red_bed":1,"minecraft:dark_oak_log":6,"minecraft:dirt":1,"minecraft:bone":1,"minecraft:arrow":1,"minecraft:hay_block":4,"minecraft:coal":17,"minecraft:furnace":1,"minecraft:cobblestone":76},"minecraft:dropped":{"minecraft:wooden_pickaxe":2},"minecraft:killed":{"minecraft:skeleton":1,"minecraft:zombie":2},"minecraft:mined":{"minecraft:hay_block":4,"minecraft:furnace":1,"minecraft:iron_ore":10,"minecraft:red_bed":1,"minecraft:dark_oak_leaves":1,"minecraft:birch_log":3,"minecraft:dark_oak_log":6,"minecraft:birch_leaves":3,"minecraft:brewing_stand":1,"minecraft:oak_fence":1,"minecraft:crafting_table":3,"minecraft:oak_log":13,"minecraft:grass_block":1,"minecraft:coal_ore":17,"minecraft:gravel":3,"minecraft:stone":75,"minecraft:oak_leaves":1},"minecraft:custom":{"minecraft:time_since_rest":3872,"minecraft:sprint_one_cm":47661,"minecraft:damage_taken":285,"minecraft:walk_one_cm":50688,"minecraft:mob_kills":3,"minecraft:drop":2,"minecraft:damage_dealt":428,"minecraft:swim_one_cm":1180,"minecraft:fly_one_cm":31185,"minecraft:interact_with_crafting_table":5,"minecraft:open_chest":14,"minecraft:crouch_one_cm":3264,"minecraft:play_time":17554,"minecraft:sneak_time":1120,"minecraft:walk_under_water_one_cm":192,"minecraft:jump":263,"minecraft:walk_on_water_one_cm":3576,"minecraft:time_since_death":17554,"minecraft:sleep_in_bed":3,"minecraft:climb_one_cm":156,"minecraft:total_world_time":17554,"minecraft:fall_one_cm":3988},"minecraft:crafted":{"minecraft:oak_planks":48,"minecraft:crafting_table":1,"minecraft:stick":56,"minecraft:wooden_pickaxe":1,"minecraft:stone_pickaxe":1,"minecraft:dark_oak_planks":24,"minecraft:torch":8,"minecraft:birch_planks":12,"minecraft:stone_axe":1,"minecraft:wheat":36},"minecraft:used":{"minecraft:birch_planks":1,"minecraft:bread":5,"minecraft:stone_pickaxe":100,"minecraft:oak_planks":2,"minecraft:wooden_pickaxe":4,"minecraft:iron_sword":5,"minecraft:gravel":3,"minecraft:torch":6,"minecraft:stone_axe":28,"minecraft:dirt":1,"minecraft:cobblestone":14,"minecraft:crafting_table":3,"minecraft:golden_chestplate":1,"minecraft:oak_fence":1,"minecraft:dark_oak_sapling":1}},"DataVersion":3465}