{"stats":{"minecraft:picked_up":{"minecraft:birch_log":3,"ars_nouveau:red_archwood_log":12,"minecraft:crafting_table":3,"minecraft:cooked_beef":1,"minecraft:andesite":3,"minecraft:leather":1,"minecraft:wooden_pickaxe":1,"minecraft:oak_log":12,"minecraft:brewing_stand":1,"minecraft:gunpowder":3,"minecraft:dirt":19,"minecraft:red_bed":2,"minecraft:bone":1,"minecraft:iron_boots":1,"minecraft:furnace":3,"minecraft:dark_oak_sapling":1,"minecraft:raw_iron":49,"minecraft:stick":2,"minecraft:oak_fence":1,"ars_nouveau:red_archwood_sapling":2,"minecraft:gravel":3,"minecraft:spruce_sapling":1,"minecraft:dark_oak_log":6,"minecraft:golden_chestplate":2,"minecraft:arrow":2,"minecraft:rotten_flesh":1,"minecraft:tropical_fish":17,"minecraft:hay_block":6,"minecraft:coal":79,"iceandfire:raw_silver":4,"minecraft:cobblestone":136},"minecraft:killed":{"minecraft:spider":1,"minecraft:creeper":3,"minecraft:skeleton":3,"minecraft:zombie":4,"minecraft:tropical_fish":1,"minecraft:enderman":1,"minecraft:cow":1},"minecraft:dropped":{"minecraft:iron_ingot":1,"minecraft:golden_chestplate":2,"minecraft:rotten_flesh":1,"minecraft:tropical_fish":17,"minecraft:arrow":1,"minecraft:wooden_pickaxe":2,"minecraft:iron_pickaxe":1,"minecraft:bone":1},"minecraft:mined":{"iceandfire:silver_ore":4,"minecraft:red_bed":2,"minecraft:dark_oak_leaves":9,"minecraft:dark_oak_log":6,"minecraft:brewing_stand":1,"minecraft:oak_fence":1,"minecraft:crafting_table":3,"minecraft:grass_block":2,"minecraft:cobblestone":1,"minecraft:spruce_leaves":5,"ars_nouveau:red_archwood_leaves":43,"minecraft:hay_block":6,"minecraft:furnace":4,"minecraft:birch_log":3,"minecraft:iron_ore":51,"minecraft:andesite":3,"minecraft:birch_leaves":3,"minecraft:coal_ore":81,"ars_nouveau:red_archwood_log":12,"minecraft:oak_log":13,"minecraft:gravel":3,"minecraft:dirt":1,"minecraft:stone":134,"minecraft:oak_leaves":1},"minecraft:custom":{"minecraft:interact_with_furnace":14,"minecraft:mob_kills":14,"minecraft:interact_with_crafting_table":11,"minecraft:interact_with_grindstone":1,"minecraft:leave_game":1,"minecraft:time_since_death":52444,"minecraft:sleep_in_bed":4,"minecraft:climb_one_cm":732,"minecraft:time_since_rest":19605,"minecraft:sprint_one_cm":152943,"minecraft:damage_taken":1155,"minecraft:walk_one_cm":190978,"minecraft:damage_blocked_by_shield":435,"minecraft:drop":26,"minecraft:damage_dealt":2206,"minecraft:player_kills":1,"minecraft:swim_one_cm":8008,"minecraft:fly_one_cm":118587,"minecraft:open_chest":19,"minecraft:crouch_one_cm":13547,"minecraft:play_time":52444,"minecraft:sneak_time":4518,"minecraft:walk_under_water_one_cm":8124,"minecraft:jump":1148,"minecraft:walk_on_water_one_cm":12769,"minecraft:total_world_time":52444,"minecraft:fall_one_cm":25407},"minecraft:broken":{"minecraft:stone_pickaxe":1},"minecraft:crafted":{"minecraft:oak_planks":48,"minecraft:crafting_table":1,"minecraft:wooden_pickaxe":1,"minecraft:birch_planks":12,"minecraft:stone_axe":1,"minecraft:air":0,"minecraft:shield":1,"minecraft:stick":56,"minecraft:iron_ingot":9,"minecraft:iron_pickaxe":2,"minecraft:stone_pickaxe":1,"minecraft:dark_oak_planks":24,"minecraft:torch":44,"minecraft:wheat":54},"minecraft:used":{"minecraft:oak_fence":1,"minecraft:trident":2,"minecraft:birch_planks":1,"minecraft:stone_pickaxe":131,"minecraft:oak_planks":14,"minecraft:shield":1,"minecraft:wooden_pickaxe":4,"minecraft:iron_sword":21,"minecraft:torch":42,"minecraft:dirt":19,"minecraft:crafting_table":3,"minecraft:red_bed":1,"minecraft:golden_chestplate":1,"minecraft:bread":21,"minecraft:iron_pickaxe":144,"minecraft:iron_boots":1,"minecraft:spruce_sapling":1,"minecraft:gravel":3,"minecraft:stone_axe":51,"minecraft:cobblestone":98,"minecraft:furnace":1,"minecraft:andesite":3,"minecraft:dark_oak_sapling":1}},"DataVersion":3465}