{"stats":{"minecraft:picked_up":{"minecraft:birch_log":3,"ars_nouveau:red_archwood_log":12,"minecraft:crafting_table":3,"minecraft:wooden_pickaxe":1,"minecraft:oak_log":12,"minecraft:brewing_stand":1,"minecraft:dirt":1,"minecraft:red_bed":1,"minecraft:bone":1,"minecraft:furnace":1,"minecraft:dark_oak_sapling":1,"minecraft:raw_iron":21,"minecraft:stick":2,"minecraft:oak_fence":1,"ars_nouveau:red_archwood_sapling":2,"minecraft:gravel":3,"minecraft:dark_oak_log":6,"minecraft:golden_chestplate":1,"minecraft:arrow":1,"minecraft:tropical_fish":2,"minecraft:hay_block":6,"minecraft:coal":40,"iceandfire:raw_silver":2,"minecraft:cobblestone":97},"minecraft:killed":{"minecraft:skeleton":2,"minecraft:zombie":2},"minecraft:dropped":{"minecraft:iron_ingot":1,"minecraft:arrow":1,"minecraft:wooden_pickaxe":2,"minecraft:iron_pickaxe":1,"minecraft:bone":1},"minecraft:mined":{"iceandfire:silver_ore":2,"minecraft:red_bed":1,"minecraft:dark_oak_leaves":4,"minecraft:dark_oak_log":6,"minecraft:brewing_stand":1,"minecraft:oak_fence":1,"minecraft:crafting_table":3,"minecraft:grass_block":1,"minecraft:spruce_leaves":1,"ars_nouveau:red_archwood_leaves":43,"minecraft:hay_block":6,"minecraft:furnace":2,"minecraft:birch_log":3,"minecraft:iron_ore":23,"minecraft:birch_leaves":3,"minecraft:coal_ore":41,"ars_nouveau:red_archwood_log":12,"minecraft:oak_log":13,"minecraft:gravel":3,"minecraft:stone":96,"minecraft:oak_leaves":1},"minecraft:custom":{"minecraft:interact_with_furnace":14,"minecraft:mob_kills":4,"minecraft:interact_with_crafting_table":11,"minecraft:leave_game":1,"minecraft:time_since_death":28444,"minecraft:sleep_in_bed":3,"minecraft:climb_one_cm":385,"minecraft:time_since_rest":14762,"minecraft:sprint_one_cm":68074,"minecraft:damage_taken":473,"minecraft:walk_one_cm":83266,"minecraft:drop":6,"minecraft:damage_dealt":707,"minecraft:swim_one_cm":3783,"minecraft:fly_one_cm":49368,"minecraft:open_chest":15,"minecraft:crouch_one_cm":4931,"minecraft:play_time":28444,"minecraft:sneak_time":2176,"minecraft:walk_under_water_one_cm":2673,"minecraft:jump":440,"minecraft:walk_on_water_one_cm":7313,"minecraft:total_world_time":28444,"minecraft:fall_one_cm":8365},"minecraft:broken":{"minecraft:stone_pickaxe":1},"minecraft:crafted":{"minecraft:oak_planks":48,"minecraft:crafting_table":1,"minecraft:wooden_pickaxe":1,"minecraft:birch_planks":12,"minecraft:stone_axe":1,"minecraft:air":0,"minecraft:shield":1,"minecraft:stick":56,"minecraft:iron_ingot":9,"minecraft:iron_pickaxe":2,"minecraft:stone_pickaxe":1,"minecraft:dark_oak_planks":24,"minecraft:torch":28,"minecraft:wheat":54},"minecraft:used":{"minecraft:oak_fence":1,"minecraft:trident":1,"minecraft:birch_planks":1,"minecraft:stone_pickaxe":131,"minecraft:oak_planks":2,"minecraft:wooden_pickaxe":4,"minecraft:iron_sword":7,"minecraft:torch":20,"minecraft:dirt":1,"minecraft:crafting_table":3,"minecraft:golden_chestplate":1,"minecraft:bread":8,"minecraft:iron_pickaxe":30,"minecraft:gravel":3,"minecraft:stone_axe":51,"minecraft:cobblestone":36,"minecraft:furnace":1,"minecraft:dark_oak_sapling":1}},"DataVersion":3465}