{"stats":{"minecraft:picked_up":{"minecraft:birch_log":3,"minecraft:crafting_table":3,"minecraft:wooden_pickaxe":1,"minecraft:gravel":3,"minecraft:oak_log":12,"minecraft:dirt":1,"minecraft:cobblestone":43},"minecraft:dropped":{"minecraft:wooden_pickaxe":2},"minecraft:mined":{"minecraft:grass_block":1,"minecraft:oak_log":13,"minecraft:gravel":3,"minecraft:birch_log":3,"minecraft:stone":43,"minecraft:birch_leaves":3,"minecraft:oak_leaves":1,"minecraft:crafting_table":3},"minecraft:custom":{"minecraft:time_since_rest":5554,"minecraft:crouch_one_cm":768,"minecraft:play_time":5554,"minecraft:sprint_one_cm":5444,"minecraft:damage_taken":80,"minecraft:walk_one_cm":10462,"minecraft:sneak_time":319,"minecraft:drop":2,"minecraft:jump":37,"minecraft:time_since_death":5554,"minecraft:total_world_time":5554,"minecraft:fall_one_cm":1290,"minecraft:interact_with_crafting_table":5,"minecraft:fly_one_cm":3467},"minecraft:crafted":{"minecraft:oak_planks":48,"minecraft:birch_planks":12,"minecraft:stone_axe":1,"minecraft:crafting_table":1,"minecraft:stick":8,"minecraft:wooden_pickaxe":1,"minecraft:stone_pickaxe":1},"minecraft:used":{"minecraft:stone_axe":15,"minecraft:dirt":1,"minecraft:crafting_table":3,"minecraft:birch_planks":1,"minecraft:stone_pickaxe":39,"minecraft:wooden_pickaxe":4,"minecraft:gravel":3}},"DataVersion":3465}