{"stats":{"minecraft:picked_up":{"minecraft:birch_log":3,"minecraft:oak_slab":1,"minecraft:wheat":37,"minecraft:wooden_pickaxe":1,"minecraft:red_bed":2,"minecraft:rotten_flesh":2,"minecraft:beetroot":1,"minecraft:beetroot_seeds":4,"minecraft:wheat_seeds":88,"minecraft:hay_block":4,"minecraft:cobblestone":3},"minecraft:dropped":{"minecraft:golden_chestplate":1},"minecraft:mined":{"minecraft:hay_block":4,"minecraft:oak_slab":1,"minecraft:red_bed":2,"minecraft:birch_log":3,"minecraft:wheat":37,"minecraft:beetroots":1,"minecraft:cobblestone":1,"minecraft:stone":3},"minecraft:custom":{"minecraft:time_since_rest":3872,"minecraft:sprint_one_cm":37440,"minecraft:damage_taken":230,"minecraft:walk_one_cm":35917,"minecraft:drop":1,"minecraft:damage_dealt":175,"minecraft:swim_one_cm":2127,"minecraft:interact_with_crafting_table":1,"minecraft:fly_one_cm":38988,"minecraft:open_barrel":3,"minecraft:open_chest":6,"minecraft:crouch_one_cm":166,"minecraft:play_time":12976,"minecraft:sneak_time":175,"minecraft:walk_under_water_one_cm":262,"minecraft:jump":300,"minecraft:damage_dealt_resisted":0,"minecraft:time_since_death":12976,"minecraft:walk_on_water_one_cm":1907,"minecraft:sleep_in_bed":1,"minecraft:total_world_time":12976,"minecraft:climb_one_cm":2136,"minecraft:fall_one_cm":6812},"minecraft:crafted":{"minecraft:birch_planks":12,"minecraft:bread":16,"minecraft:wheat":27},"minecraft:used":{"minecraft:wheat_seeds":88,"minecraft:birch_planks":2,"minecraft:bread":3,"minecraft:wooden_pickaxe":26,"minecraft:oak_slab":1,"minecraft:golden_chestplate":1}},"DataVersion":3465}