{"stats":{"minecraft:picked_up":{"minecraft:birch_log":3,"ars_nouveau:red_archwood_log":7,"minecraft:wheat":37,"minecraft:crafting_table":2,"minecraft:andesite":1,"minecraft:stone_slab":1,"minecraft:wooden_pickaxe":1,"gravestone:obituary":1,"minecraft:red_bed":3,"minecraft:bone":5,"minecraft:beetroot":1,"minecraft:wheat_seeds":88,"minecraft:iron_ingot":1,"minecraft:iron_pickaxe":2,"minecraft:furnace":1,"minecraft:oak_slab":1,"minecraft:raw_iron":18,"ars_nouveau:red_archwood_sapling":1,"minecraft:spruce_log":23,"minecraft:arrow":1,"minecraft:rotten_flesh":4,"minecraft:tropical_fish":21,"minecraft:beetroot_seeds":4,"minecraft:hay_block":5,"minecraft:bone_meal":2,"minecraft:coal":80,"minecraft:cobblestone":51},"minecraft:killed":{"minecraft:skeleton":1,"minecraft:axolotl":1,"minecraft:tropical_fish":5},"minecraft:dropped":{"minecraft:golden_chestplate":1,"minecraft:stone_slab":1,"minecraft:infested_stone_bricks":1,"minecraft:andesite":1,"gravestone:obituary":1,"minecraft:oak_stairs":1,"minecraft:sugar":1,"minecraft:iron_pickaxe":1,"ars_nouveau:red_archwood_sapling":1},"minecraft:mined":{"minecraft:oak_slab":1,"minecraft:red_bed":3,"minecraft:crafting_table":2,"gravestone:gravestone":1,"minecraft:stone_slab":1,"minecraft:cobblestone":1,"minecraft:hay_block":5,"minecraft:birch_log":3,"minecraft:iron_ore":16,"minecraft:wheat":37,"minecraft:spruce_log":24,"minecraft:andesite":1,"ars_nouveau:red_archwood_log":7,"minecraft:coal_ore":77,"minecraft:beetroots":1,"minecraft:stone":51},"minecraft:custom":{"minecraft:interact_with_furnace":2,"minecraft:mob_kills":7,"minecraft:interact_with_crafting_table":11,"minecraft:open_barrel":3,"minecraft:damage_dealt_resisted":0,"minecraft:time_since_death":3526,"minecraft:sleep_in_bed":2,"minecraft:climb_one_cm":3398,"minecraft:time_since_rest":3556,"minecraft:sprint_one_cm":75462,"minecraft:damage_taken":1165,"minecraft:walk_one_cm":69001,"minecraft:drop":9,"minecraft:damage_dealt":703,"minecraft:swim_one_cm":8252,"minecraft:fly_one_cm":123013,"minecraft:open_chest":8,"minecraft:crouch_one_cm":2083,"minecraft:play_time":36976,"minecraft:deaths":1,"minecraft:sneak_time":733,"minecraft:walk_under_water_one_cm":10202,"minecraft:jump":946,"minecraft:walk_on_water_one_cm":11633,"minecraft:total_world_time":36976,"minecraft:fall_one_cm":24350},"minecraft:crafted":{"minecraft:crafting_table":1,"minecraft:spruce_planks":92,"minecraft:birch_planks":12,"minecraft:stone_axe":1,"minecraft:bread":24,"minecraft:shield":1,"minecraft:stick":8,"minecraft:stone_pickaxe":1,"minecraft:stone_sword":1,"minecraft:torch":12,"minecraft:wheat":36},"minecraft:used":{"minecraft:wheat_seeds":88,"minecraft:stone_sword":12,"minecraft:birch_planks":2,"minecraft:stone_pickaxe":57,"minecraft:wooden_pickaxe":36,"minecraft:torch":10,"minecraft:oak_slab":1,"minecraft:crafting_table":2,"minecraft:red_bed":1,"minecraft:golden_chestplate":1,"minecraft:bread":12,"minecraft:iron_pickaxe":76,"minecraft:stone_axe":35,"minecraft:cobblestone":33,"minecraft:hay_block":1}},"DataVersion":3465}