{"stats":{"minecraft:picked_up":{"ars_nouveau:red_archwood_log":7,"minecraft:birch_log":3,"minecraft:oak_slab":1,"minecraft:crafting_table":2,"minecraft:wheat":37,"ars_nouveau:red_archwood_sapling":1,"minecraft:wooden_pickaxe":1,"minecraft:spruce_log":23,"minecraft:red_bed":2,"minecraft:bone":5,"minecraft:arrow":1,"minecraft:rotten_flesh":2,"minecraft:beetroot":1,"minecraft:tropical_fish":11,"minecraft:beetroot_seeds":4,"minecraft:wheat_seeds":88,"minecraft:hay_block":5,"minecraft:iron_ingot":1,"minecraft:bone_meal":1,"minecraft:iron_pickaxe":1,"minecraft:coal":26,"minecraft:raw_iron":8,"minecraft:cobblestone":16,"minecraft:furnace":1},"minecraft:killed":{"minecraft:skeleton":1},"minecraft:dropped":{"minecraft:golden_chestplate":1,"ars_nouveau:red_archwood_sapling":1},"minecraft:mined":{"minecraft:hay_block":5,"minecraft:oak_slab":1,"minecraft:red_bed":2,"minecraft:iron_ore":6,"minecraft:birch_log":3,"minecraft:wheat":37,"minecraft:spruce_log":24,"minecraft:crafting_table":2,"ars_nouveau:red_archwood_log":7,"minecraft:coal_ore":23,"minecraft:beetroots":1,"minecraft:cobblestone":1,"minecraft:stone":16},"minecraft:custom":{"minecraft:time_since_rest":15872,"minecraft:interact_with_furnace":2,"minecraft:sprint_one_cm":53038,"minecraft:damage_taken":505,"minecraft:walk_one_cm":52782,"minecraft:mob_kills":1,"minecraft:drop":2,"minecraft:damage_dealt":473,"minecraft:swim_one_cm":5509,"minecraft:interact_with_crafting_table":11,"minecraft:fly_one_cm":76236,"minecraft:open_barrel":3,"minecraft:open_chest":7,"minecraft:crouch_one_cm":823,"minecraft:play_time":24976,"minecraft:sneak_time":362,"minecraft:walk_under_water_one_cm":2587,"minecraft:jump":548,"minecraft:damage_dealt_resisted":0,"minecraft:time_since_death":24976,"minecraft:walk_on_water_one_cm":5002,"minecraft:sleep_in_bed":1,"minecraft:total_world_time":24976,"minecraft:climb_one_cm":2329,"minecraft:fall_one_cm":13082},"minecraft:crafted":{"minecraft:shield":1,"minecraft:crafting_table":1,"minecraft:spruce_planks":92,"minecraft:stick":8,"minecraft:stone_pickaxe":1,"minecraft:stone_sword":1,"minecraft:torch":12,"minecraft:birch_planks":12,"minecraft:stone_axe":1,"minecraft:bread":24,"minecraft:wheat":36},"minecraft:used":{"minecraft:wheat_seeds":88,"minecraft:stone_sword":4,"minecraft:birch_planks":2,"minecraft:bread":8,"minecraft:stone_pickaxe":32,"minecraft:wooden_pickaxe":36,"minecraft:stone_axe":35,"minecraft:torch":1,"minecraft:hay_block":1,"minecraft:oak_slab":1,"minecraft:crafting_table":2,"minecraft:golden_chestplate":1}},"DataVersion":3465}