{"stats":{"minecraft:dropped":{"minecraft:wooden_pickaxe":1},"minecraft:custom":{"minecraft:time_since_rest":4731,"minecraft:waystone_activated":1,"minecraft:sprint_one_cm":24034,"minecraft:walk_one_cm":42715,"minecraft:mob_kills":1,"minecraft:drop":1,"minecraft:damage_dealt":100,"minecraft:interact_with_crafting_table":2,"minecraft:fly_one_cm":23737,"minecraft:open_barrel":5,"minecraft:open_chest":9,"minecraft:crouch_one_cm":1658,"minecraft:play_time":17237,"minecraft:sneak_time":808,"minecraft:jump":165,"minecraft:time_since_death":17237,"minecraft:walk_on_water_one_cm":297,"minecraft:sleep_in_bed":1,"minecraft:total_world_time":17237,"minecraft:climb_one_cm":1996,"minecraft:fall_one_cm":2835},"minecraft:used":{"minecraft:dark_oak_planks":2,"minecraft:iron_bars":2,"minecraft:stone_pickaxe":77,"minecraft:suspicious_stew":1,"minecraft:wooden_pickaxe":3,"minecraft:stone_axe":27,"minecraft:dirt":1,"minecraft:crafting_table":1,"minecraft:chainmail_chestplate":1,"minecraft:chainmail_leggings":1},"minecraft:picked_up":{"minecraft:book":21,"minecraft:dark_oak_sapling":1,"minecraft:stick":24,"minecraft:raw_iron":1,"minecraft:suspicious_stew":2,"minecraft:potato":6,"minecraft:porkchop":1,"minecraft:dark_oak_log":12,"minecraft:lapis_lazuli":29,"minecraft:dirt":1,"minecraft:pumpkin_seeds":4,"minecraft:beetroot_seeds":2,"minecraft:hay_block":3,"minecraft:lectern":2,"minecraft:melon_seeds":5,"minecraft:iron_bars":2,"minecraft:coal":23,"minecraft:cobblestone":46,"minecraft:furnace":2},"minecraft:killed":{"minecraft:pig":1},"minecraft:mined":{"minecraft:hay_block":3,"betterarcheology:suspicious_dirt":3,"minecraft:furnace":2,"betterarcheology:loot_vase_creeper":3,"betterarcheology:rotten_log":2,"minecraft:iron_ore":1,"minecraft:dark_oak_log":12,"betterarcheology:rotten_planks":3,"minecraft:bookshelf":7,"minecraft:grass_block":1,"minecraft:coal_ore":24,"minecraft:iron_bars":2,"minecraft:lectern":2,"minecraft:dirt":6,"betterarcheology:cracked_mud_bricks":1,"minecraft:lapis_ore":4,"minecraft:stone":47},"minecraft:crafted":{"minecraft:crafting_table":1,"minecraft:wooden_pickaxe":1,"minecraft:stone_pickaxe":1,"minecraft:dark_oak_planks":48,"minecraft:wheat":27}},"DataVersion":3465}