{"stats":{"minecraft:killed":{"minecraft:vex":1,"minecraft:pig":1,"minecraft:spider":14,"minecraft:skeleton":2,"minecraft:zombie":16,"minecraft:cow":1},"minecraft:picked_up":{"minecraft:wheat":1,"minecraft:chainmail_boots":1,"minecraft:suspicious_stew":2,"minecraft:leather_leggings":2,"minecraft:stone_slab":1,"minecraft:potato":81,"minecraft:enchanted_book":4,"minecraft:dirt":1,"minecraft:lapis_lazuli":29,"minecraft:dark_oak_pressure_plate":2,"minecraft:string":12,"minecraft:bone":1,"minecraft:wheat_seeds":3,"minecraft:lectern":2,"minecraft:iron_sword":2,"minecraft:furnace":3,"minecraft:book":24,"minecraft:dark_oak_sapling":1,"minecraft:raw_iron":20,"minecraft:stick":24,"minecraft:oak_fence":1,"minecraft:porkchop":1,"minecraft:trident":1,"minecraft:carrot":105,"minecraft:dark_oak_log":12,"minecraft:stone_pressure_plate":1,"minecraft:dark_oak_planks":5,"minecraft:pumpkin_seeds":4,"minecraft:rotten_flesh":8,"minecraft:beetroot_seeds":2,"minecraft:hay_block":13,"minecraft:melon_seeds":5,"minecraft:iron_bars":2,"minecraft:coal":26,"minecraft:cobblestone":81},"minecraft:used":{"minecraft:golden_boots":1,"minecraft:oak_fence":1,"minecraft:water_bucket":6,"minecraft:iron_bars":2,"minecraft:stone_pickaxe":82,"minecraft:wooden_pickaxe":3,"minecraft:iron_sword":124,"minecraft:torch":12,"minecraft:dirt":1,"minecraft:crafting_table":2,"minecraft:chainmail_chestplate":1,"minecraft:carrot":1,"minecraft:dark_oak_planks":10,"minecraft:bread":14,"minecraft:iron_pickaxe":59,"minecraft:suspicious_stew":1,"minecraft:stone_axe":42,"minecraft:cobblestone":13,"minecraft:dark_oak_pressure_plate":1,"minecraft:porkchop":1,"minecraft:bucket":6,"minecraft:chainmail_leggings":1},"minecraft:crafted":{"sophisticatedbackpacks:backpack":1,"minecraft:crafting_table":2,"minecraft:wooden_pickaxe":1,"minecraft:stone_pickaxe":1,"minecraft:chest":1,"minecraft:dark_oak_planks":48,"minecraft:torch":12,"minecraft:wheat":117,"sophisticatedbackpacks:iron_backpack":1},"minecraft:custom":{"minecraft:mob_kills":35,"minecraft:interact_with_crafting_table":8,"minecraft:open_barrel":19,"minecraft:damage_dealt_resisted":0,"minecraft:leave_game":1,"minecraft:time_since_death":48486,"minecraft:sleep_in_bed":2,"minecraft:climb_one_cm":1996,"minecraft:waystone_activated":1,"minecraft:time_since_rest":22231,"minecraft:sprint_one_cm":63869,"minecraft:damage_taken":2145,"minecraft:walk_one_cm":141835,"minecraft:drop":18,"minecraft:damage_dealt":6069,"minecraft:talked_to_villager":1,"minecraft:fly_one_cm":56980,"minecraft:open_chest":34,"minecraft:crouch_one_cm":3120,"minecraft:play_time":48486,"minecraft:sneak_time":1493,"minecraft:walk_under_water_one_cm":2043,"minecraft:jump":545,"minecraft:walk_on_water_one_cm":1186,"minecraft:total_world_time":48486,"minecraft:fall_one_cm":13444},"minecraft:dropped":{"minecraft:enchanted_book":4,"minecraft:iron_sword":2,"minecraft:wheat_seeds":3,"minecraft:dark_oak_sapling":3,"minecraft:iron_helmet":1,"minecraft:rotten_flesh":3,"minecraft:dark_oak_pressure_plate":1,"minecraft:leather_leggings":2,"minecraft:wooden_pickaxe":1},"minecraft:mined":{"minecraft:dark_oak_planks":5,"betterarcheology:suspicious_dirt":3,"betterarcheology:rotten_log":2,"minecraft:dark_oak_log":12,"minecraft:oak_fence":1,"minecraft:grass_block":1,"minecraft:lectern":2,"minecraft:stone_slab":1,"betterarcheology:cracked_mud_bricks":1,"minecraft:cobblestone":6,"minecraft:lapis_ore":4,"minecraft:deepslate_copper_ore":1,"minecraft:hay_block":13,"minecraft:furnace":3,"minecraft:carrots":29,"betterarcheology:loot_vase_creeper":3,"minecraft:iron_ore":20,"minecraft:wheat":1,"betterarcheology:rotten_planks":3,"minecraft:bookshelf":10,"minecraft:potatoes":22,"minecraft:coal_ore":26,"minecraft:dirt_path":1,"minecraft:oak_stairs":1,"minecraft:iron_bars":2,"minecraft:dirt":6,"structure_gel:dynamic_spawner":5,"minecraft:cobweb":11,"minecraft:stone":75}},"DataVersion":3465}