{"stats":{"minecraft:killed":{"minecraft:vex":1,"minecraft:spider":14,"minecraft:skeleton":2,"minecraft:silverfish":1,"minecraft:pig":1,"minecraft:zombie":16,"minecraft:cow":1},"minecraft:picked_up":{"minecraft:crafting_table":1,"minecraft:wheat":65,"minecraft:chainmail_boots":1,"minecraft:suspicious_stew":2,"minecraft:leather_leggings":2,"minecraft:stone_slab":1,"minecraft:oak_stairs":1,"minecraft:stone_brick_wall":2,"minecraft:gold_block":7,"minecraft:enchanted_book":4,"minecraft:stone_brick_stairs":4,"minecraft:string":12,"minecraft:dark_oak_pressure_plate":2,"minecraft:red_bed":3,"minecraft:item_frame":5,"minecraft:spruce_planks":5,"minecraft:lectern":2,"minecraft:furnace":3,"minecraft:dark_oak_sapling":1,"minecraft:stick":24,"minecraft:raw_iron":20,"apotheosis:gem":4,"minecraft:oak_fence":1,"minecraft:spruce_stairs":2,"minecraft:porkchop":1,"minecraft:trident":1,"minecraft:carrot":105,"minecraft:stone_pressure_plate":1,"minecraft:dark_oak_planks":21,"minecraft:rotten_flesh":8,"minecraft:beetroot_seeds":2,"minecraft:polished_basalt":1,"minecraft:hay_block":61,"minecraft:saddle":1,"minecraft:iron_bars":4,"minecraft:cobblestone":88,"minecraft:magma_block":1,"minecraft:cooked_beef":8,"minecraft:water_bucket":1,"minecraft:smoker":2,"minecraft:potato":81,"minecraft:lapis_lazuli":29,"minecraft:dirt":2,"minecraft:lantern":1,"minecraft:bone":1,"minecraft:stone_bricks":11,"minecraft:wheat_seeds":3,"minecraft:iron_sword":2,"minecraft:book":30,"minecraft:amethyst_shard":8,"minecraft:lily_of_the_valley":1,"minecraft:dark_oak_log":12,"minecraft:mossy_cobblestone":2,"minecraft:pumpkin_seeds":4,"waystones:waystone":2,"minecraft:melon_seeds":5,"minecraft:coal":34,"iceandfire:raw_silver":1},"minecraft:used":{"minecraft:oak_fence":1,"minecraft:iron_bars":2,"minecraft:polished_basalt":1,"minecraft:iron_sword":127,"minecraft:torch":12,"minecraft:dirt":1,"minecraft:chainmail_chestplate":1,"minecraft:carrot":1,"minecraft:dark_oak_planks":10,"minecraft:stone_bricks":3,"minecraft:item_frame":1,"minecraft:dark_oak_pressure_plate":1,"minecraft:golden_boots":1,"minecraft:water_bucket":12,"minecraft:stone_pickaxe":82,"minecraft:wooden_pickaxe":3,"minecraft:mossy_cobblestone":2,"minecraft:crafting_table":3,"minecraft:red_bed":2,"minecraft:stone_brick_wall":1,"minecraft:bread":21,"minecraft:suspicious_stew":1,"minecraft:iron_pickaxe":86,"minecraft:stone_slab":1,"minecraft:stone_axe":47,"minecraft:cobblestone":29,"minecraft:porkchop":1,"minecraft:cooked_porkchop":1,"minecraft:bucket":12,"minecraft:chainmail_leggings":1},"minecraft:crafted":{"minecraft:stone_pickaxe":1,"minecraft:chest":1,"minecraft:dark_oak_planks":48,"sophisticatedbackpacks:iron_backpack":1,"minecraft:wheat":441,"sophisticatedbackpacks:backpack":1,"minecraft:emerald":5,"minecraft:crafting_table":4,"minecraft:wooden_pickaxe":1,"sophisticatedbackpacks:gold_backpack":1,"minecraft:gold_ingot":63,"minecraft:torch":12},"minecraft:custom":{"minecraft:mob_kills":36,"minecraft:interact_with_crafting_table":10,"minecraft:open_barrel":36,"minecraft:damage_dealt_resisted":0,"minecraft:leave_game":2,"minecraft:time_since_death":34744,"minecraft:climb_one_cm":4684,"minecraft:sprint_one_cm":139451,"minecraft:walk_one_cm":245873,"minecraft:drop":31,"minecraft:talked_to_villager":5,"minecraft:play_time":85948,"minecraft:deaths":1,"minecraft:sneak_time":1936,"minecraft:walk_under_water_one_cm":4162,"minecraft:jump":816,"minecraft:walk_on_water_one_cm":3420,"minecraft:total_world_time":85948,"minecraft:traded_with_villager":5,"minecraft:sleep_in_bed":4,"minecraft:time_since_rest":11406,"minecraft:waystone_activated":2,"minecraft:damage_taken":2880,"minecraft:trigger_trapped_chest":1,"minecraft:damage_dealt":6129,"minecraft:fly_one_cm":107448,"minecraft:open_chest":57,"minecraft:crouch_one_cm":4092,"minecraft:fall_one_cm":29000,"minecraft:horse_one_cm":499378},"minecraft:dropped":{"minecraft:enchanted_book":4,"minecraft:water_bucket":1,"minecraft:iron_sword":2,"minecraft:wheat_seeds":3,"minecraft:cooked_beef":8,"minecraft:dark_oak_sapling":3,"minecraft:iron_helmet":1,"minecraft:dark_oak_pressure_plate":1,"minecraft:item_frame":1,"gravestone:obituary":1,"minecraft:bucket":1,"minecraft:wheat":97,"minecraft:rotten_flesh":3,"minecraft:leather_leggings":2,"minecraft:stone_pressure_plate":1,"minecraft:stone_bricks":8,"minecraft:iron_bars":2,"minecraft:wooden_pickaxe":1,"minecraft:stone_brick_stairs":4},"minecraft:mined":{"minecraft:dark_oak_planks":5,"iceandfire:silver_ore":1,"minecraft:dark_oak_log":12,"gravestone:gravestone":1,"minecraft:grass_block":4,"betterarcheology:cracked_mud_bricks":1,"minecraft:hay_block":61,"minecraft:magma_block":1,"minecraft:carrots":29,"minecraft:furnace":3,"minecraft:iron_ore":20,"minecraft:gold_block":7,"minecraft:bookshelf":10,"minecraft:potatoes":22,"minecraft:dirt_path":1,"minecraft:oak_stairs":1,"minecraft:iron_bars":2,"minecraft:stone":76,"betterarcheology:suspicious_dirt":3,"minecraft:red_bed":3,"betterarcheology:rotten_log":2,"minecraft:smoker":2,"minecraft:amethyst_cluster":3,"minecraft:stripped_dark_oak_log":4,"minecraft:oak_fence":1,"minecraft:crafting_table":1,"minecraft:lectern":2,"minecraft:stone_slab":1,"minecraft:tall_grass":1,"minecraft:cobblestone":7,"minecraft:deepslate_coal_ore":3,"minecraft:lapis_ore":4,"minecraft:deepslate_copper_ore":1,"betterarcheology:loot_vase_creeper":3,"minecraft:wheat":1,"betterarcheology:rotten_planks":3,"minecraft:grass":3,"minecraft:coal_ore":31,"minecraft:gravel":1,"minecraft:dirt":6,"minecraft:cobweb":11,"structure_gel:dynamic_spawner":5,"minecraft:smooth_basalt":1,"minecraft:fern":1}},"DataVersion":3465}