{"stats":{"minecraft:custom":{"minecraft:time_since_rest":5237,"minecraft:open_chest":1,"minecraft:crouch_one_cm":767,"minecraft:play_time":5237,"minecraft:sprint_one_cm":8577,"minecraft:walk_one_cm":10047,"minecraft:sneak_time":330,"minecraft:jump":52,"minecraft:time_since_death":5237,"minecraft:total_world_time":5237,"minecraft:fall_one_cm":1579,"minecraft:fly_one_cm":11333},"minecraft:used":{"minecraft:stone_axe":4},"minecraft:picked_up":{"minecraft:stick":24,"minecraft:pumpkin_seeds":4,"minecraft:suspicious_stew":2,"minecraft:beetroot_seeds":2,"minecraft:potato":6,"minecraft:melon_seeds":5},"minecraft:mined":{"betterarcheology:rotten_planks":3,"betterarcheology:suspicious_dirt":3,"minecraft:dirt":6,"betterarcheology:loot_vase_creeper":3,"betterarcheology:rotten_log":2,"betterarcheology:cracked_mud_bricks":1}},"DataVersion":3465}