{"stats":{"minecraft:dropped":{"minecraft:iron_sword":1,"minecraft:wheat_seeds":3,"minecraft:dark_oak_sapling":1,"minecraft:wooden_pickaxe":1},"minecraft:custom":{"minecraft:mob_kills":1,"minecraft:interact_with_crafting_table":2,"minecraft:open_barrel":5,"minecraft:time_since_death":29237,"minecraft:sleep_in_bed":2,"minecraft:climb_one_cm":1996,"minecraft:time_since_rest":2982,"minecraft:waystone_activated":1,"minecraft:sprint_one_cm":46333,"minecraft:damage_taken":19,"minecraft:walk_one_cm":70955,"minecraft:drop":6,"minecraft:damage_dealt":100,"minecraft:talked_to_villager":1,"minecraft:fly_one_cm":38915,"minecraft:open_chest":28,"minecraft:crouch_one_cm":1763,"minecraft:play_time":29237,"minecraft:sneak_time":847,"minecraft:walk_under_water_one_cm":2043,"minecraft:jump":260,"minecraft:walk_on_water_one_cm":1133,"minecraft:total_world_time":29237,"minecraft:fall_one_cm":4969},"minecraft:used":{"minecraft:oak_fence":1,"minecraft:water_bucket":6,"minecraft:iron_bars":2,"minecraft:stone_pickaxe":82,"minecraft:wooden_pickaxe":3,"minecraft:dirt":1,"minecraft:crafting_table":1,"minecraft:chainmail_chestplate":1,"minecraft:carrot":1,"minecraft:dark_oak_planks":2,"minecraft:suspicious_stew":1,"minecraft:bread":1,"minecraft:iron_pickaxe":2,"minecraft:stone_axe":36,"minecraft:porkchop":1,"minecraft:bucket":6,"minecraft:chainmail_leggings":1},"minecraft:picked_up":{"minecraft:wheat":1,"minecraft:suspicious_stew":2,"minecraft:potato":81,"minecraft:lapis_lazuli":29,"minecraft:dirt":1,"minecraft:wheat_seeds":3,"minecraft:lectern":2,"minecraft:iron_sword":1,"minecraft:furnace":3,"minecraft:book":24,"minecraft:dark_oak_sapling":1,"minecraft:stick":24,"minecraft:raw_iron":6,"minecraft:oak_fence":1,"minecraft:porkchop":1,"minecraft:carrot":105,"minecraft:dark_oak_log":12,"minecraft:pumpkin_seeds":4,"minecraft:beetroot_seeds":2,"minecraft:hay_block":13,"minecraft:melon_seeds":5,"minecraft:coal":24,"minecraft:iron_bars":2,"minecraft:cobblestone":48},"minecraft:killed":{"minecraft:pig":1},"minecraft:mined":{"betterarcheology:suspicious_dirt":3,"betterarcheology:rotten_log":2,"minecraft:dark_oak_log":12,"minecraft:oak_fence":1,"minecraft:grass_block":1,"minecraft:lectern":2,"betterarcheology:cracked_mud_bricks":1,"minecraft:lapis_ore":4,"minecraft:hay_block":13,"minecraft:carrots":29,"minecraft:furnace":3,"betterarcheology:loot_vase_creeper":3,"minecraft:iron_ore":6,"minecraft:wheat":1,"betterarcheology:rotten_planks":3,"minecraft:bookshelf":10,"minecraft:potatoes":22,"minecraft:coal_ore":24,"minecraft:dirt_path":1,"minecraft:iron_bars":2,"minecraft:dirt":6,"minecraft:stone":48},"minecraft:crafted":{"minecraft:crafting_table":1,"minecraft:wooden_pickaxe":1,"minecraft:stone_pickaxe":1,"minecraft:dark_oak_planks":48,"minecraft:wheat":117}},"DataVersion":3465}