{"stats":{"minecraft:killed":{"minecraft:vex":1,"minecraft:pig":1,"minecraft:spider":14,"minecraft:skeleton":2,"minecraft:zombie":16,"minecraft:cow":1},"minecraft:picked_up":{"minecraft:wheat":1,"minecraft:chainmail_boots":1,"minecraft:suspicious_stew":2,"minecraft:leather_leggings":2,"minecraft:stone_slab":1,"minecraft:gold_block":7,"minecraft:oak_stairs":1,"minecraft:potato":81,"minecraft:stone_brick_wall":1,"minecraft:enchanted_book":4,"minecraft:lantern":1,"minecraft:dirt":1,"minecraft:lapis_lazuli":29,"minecraft:dark_oak_pressure_plate":2,"minecraft:string":12,"minecraft:red_bed":1,"minecraft:item_frame":1,"minecraft:bone":1,"minecraft:stone_bricks":3,"minecraft:wheat_seeds":3,"minecraft:lectern":2,"minecraft:iron_sword":2,"minecraft:furnace":3,"minecraft:book":24,"minecraft:dark_oak_sapling":1,"minecraft:raw_iron":20,"minecraft:stick":24,"minecraft:oak_fence":1,"minecraft:porkchop":1,"minecraft:trident":1,"minecraft:carrot":105,"minecraft:dark_oak_log":12,"minecraft:mossy_cobblestone":2,"minecraft:stone_pressure_plate":1,"minecraft:dark_oak_planks":5,"minecraft:pumpkin_seeds":4,"minecraft:rotten_flesh":8,"minecraft:beetroot_seeds":2,"waystones:waystone":1,"minecraft:polished_basalt":1,"minecraft:hay_block":49,"minecraft:saddle":1,"minecraft:melon_seeds":5,"minecraft:iron_bars":2,"minecraft:coal":31,"minecraft:cobblestone":88},"minecraft:used":{"minecraft:golden_boots":1,"minecraft:oak_fence":1,"minecraft:water_bucket":12,"minecraft:iron_bars":2,"minecraft:stone_pickaxe":82,"minecraft:polished_basalt":1,"minecraft:wooden_pickaxe":3,"minecraft:iron_sword":124,"minecraft:torch":12,"minecraft:mossy_cobblestone":2,"minecraft:dirt":1,"minecraft:crafting_table":2,"minecraft:chainmail_chestplate":1,"minecraft:carrot":1,"minecraft:stone_brick_wall":1,"minecraft:dark_oak_planks":10,"minecraft:bread":18,"minecraft:iron_pickaxe":76,"minecraft:suspicious_stew":1,"minecraft:stone_slab":1,"minecraft:item_frame":1,"minecraft:stone_bricks":3,"minecraft:stone_axe":42,"minecraft:cobblestone":26,"minecraft:dark_oak_pressure_plate":1,"minecraft:porkchop":1,"minecraft:bucket":12,"minecraft:chainmail_leggings":1},"minecraft:crafted":{"minecraft:emerald":5,"sophisticatedbackpacks:backpack":1,"minecraft:crafting_table":2,"minecraft:wooden_pickaxe":1,"minecraft:gold_ingot":63,"minecraft:stone_pickaxe":1,"minecraft:chest":1,"minecraft:dark_oak_planks":48,"minecraft:torch":12,"minecraft:wheat":441,"sophisticatedbackpacks:iron_backpack":1},"minecraft:custom":{"minecraft:mob_kills":35,"minecraft:traded_with_villager":5,"minecraft:interact_with_crafting_table":8,"minecraft:open_barrel":28,"minecraft:damage_dealt_resisted":0,"minecraft:leave_game":1,"minecraft:time_since_death":9282,"minecraft:sleep_in_bed":2,"minecraft:climb_one_cm":1996,"minecraft:waystone_activated":2,"minecraft:time_since_rest":9310,"minecraft:sprint_one_cm":86614,"minecraft:damage_taken":2594,"minecraft:walk_one_cm":173984,"minecraft:drop":19,"minecraft:damage_dealt":6069,"minecraft:talked_to_villager":4,"minecraft:fly_one_cm":75054,"minecraft:open_chest":39,"minecraft:crouch_one_cm":3915,"minecraft:play_time":60486,"minecraft:deaths":1,"minecraft:sneak_time":1766,"minecraft:walk_under_water_one_cm":4162,"minecraft:jump":685,"minecraft:walk_on_water_one_cm":2475,"minecraft:total_world_time":60486,"minecraft:fall_one_cm":22062,"minecraft:horse_one_cm":2254},"minecraft:dropped":{"minecraft:enchanted_book":4,"minecraft:iron_sword":2,"minecraft:wheat_seeds":3,"minecraft:dark_oak_sapling":3,"minecraft:iron_helmet":1,"minecraft:rotten_flesh":3,"minecraft:dark_oak_pressure_plate":1,"minecraft:leather_leggings":2,"gravestone:obituary":1,"minecraft:wooden_pickaxe":1},"minecraft:mined":{"minecraft:dark_oak_planks":5,"betterarcheology:suspicious_dirt":3,"minecraft:red_bed":1,"betterarcheology:rotten_log":2,"minecraft:dark_oak_log":12,"minecraft:oak_fence":1,"gravestone:gravestone":1,"minecraft:grass_block":1,"minecraft:lectern":2,"minecraft:stone_slab":1,"betterarcheology:cracked_mud_bricks":1,"minecraft:cobblestone":7,"minecraft:lapis_ore":4,"minecraft:deepslate_copper_ore":1,"minecraft:hay_block":49,"minecraft:furnace":3,"minecraft:carrots":29,"betterarcheology:loot_vase_creeper":3,"minecraft:iron_ore":20,"minecraft:wheat":1,"minecraft:gold_block":7,"betterarcheology:rotten_planks":3,"minecraft:bookshelf":10,"minecraft:potatoes":22,"minecraft:coal_ore":31,"minecraft:dirt_path":1,"minecraft:oak_stairs":1,"minecraft:iron_bars":2,"minecraft:dirt":6,"structure_gel:dynamic_spawner":5,"minecraft:cobweb":11,"minecraft:smooth_basalt":1,"minecraft:stone":76,"minecraft:fern":1}},"DataVersion":3465}